<?xml version="1.0" encoding="UTF-8"?>
<project-private xmlns="http://www.netbeans.org/ns/project-private/1">
    <editor-bookmarks xmlns="http://www.netbeans.org/ns/editor-bookmarks/2" lastBookmarkId="0"/>
    <open-files xmlns="http://www.netbeans.org/ns/projectui-open-files/2">
        <group>
            <file>file:/C:/Users/kkimh/OneDrive/Documents/NetBeansProjects/PlantArrayList/src/plantarraylist/PlantGUI.java</file>
            <file>file:/C:/Users/kkimh/OneDrive/Documents/NetBeansProjects/PlantArrayList/src/plantarraylist/FlowerGUI.java</file>
            <file>file:/C:/Users/kkimh/OneDrive/Documents/NetBeansProjects/PlantArrayList/src/plantarraylist/RunAgainGUI.java</file>
            <file>file:/C:/Users/kkimh/OneDrive/Documents/NetBeansProjects/PlantArrayList/src/plantarraylist/PlantArrayList.java</file>
            <file>file:/C:/Users/kkimh/OneDrive/Documents/NetBeansProjects/PlantArrayList/src/plantarraylist/PlantOrFlowerGUI.java</file>
        </group>
    </open-files>
</project-private>
